Team,Matches,Won,Drawn,Lost,GF,GA,GD,Points,Rank
Levante,1,1,0,0,1,2,-1,3,1
Las Palmas,1,0,1,0,3,0,3,1,2
Burgos,1,0,1,0,1,0,1,1,3
Granada,1,0,1,0,1,1,0,1,4
Villarreal B,1,0,0,1,2,0,2,0,5
Eibar,1,0,0,1,2,1,1,0,6
Huesca,1,0,0,1,1,0,1,0,7
Malaga,1,0,0,1,1,0,1,0,8
Santander,1,0,0,1,1,1,0,0,9
Oviedo,1,0,0,1,1,1,0,0,10
Ponferradina,1,0,0,1,1,1,0,0,11
Ibiza,1,0,0,1,2,3,-1,0,12
Albacete,1,0,0,1,1,2,-1,0,13
Cartagena,1,0,0,1,0,1,-1,0,14
Alaves,1,0,0,1,0,1,-1,0,15
Mirandes,1,0,0,1,0,2,-2,0,16
Leganes,1,0,0,1,0,2,-2,0,17
Lugo,1,0,0,1,0,2,-2,0,18
Tenerife,1,0,0,1,0,2,-2,0,19
Sporting Gijon,1,0,0,1,0,3,-3,0,20
Zaragoza,1,0,0,1,0,3,-3,0,21
Andorra,1,0,0,1,0,4,-4,0,22
Levante,2,2,0,0,3,2,1,6,1
Las Palmas,2,0,2,0,4,0,4,2,2
Burgos,2,0,2,0,2,0,2,2,3
Granada,2,0,2,0,1,3,-2,2,4
Eibar,2,0,1,1,2,2,0,1,5
Alaves,2,0,1,1,0,3,-3,1,6
Villarreal B,2,0,0,2,2,1,1,0,7
Santander,2,0,0,2,1,1,0,0,8
Cartagena,2,0,0,2,1,1,0,0,9
Huesca,2,0,0,2,1,1,0,0,10
Ponferradina,2,0,0,2,1,1,0,0,11
Albacete,2,0,0,2,2,4,-2,0,12
Zaragoza,2,0,0,2,2,4,-2,0,13
Oviedo,2,0,0,2,1,3,-2,0,14
Sporting Gijon,2,0,0,2,1,3,-2,0,15
Malaga,2,0,0,2,1,3,-2,0,16
Mirandes,2,0,0,2,0,2,-2,0,17
Tenerife,2,0,0,2,2,5,-3,0,18
Andorra,2,0,0,2,2,5,-3,0,19
Lugo,2,0,0,2,1,4,-3,0,20
Ibiza,2,0,0,2,2,6,-4,0,21
Leganes,2,0,0,2,0,4,-4,0,22
Levante,3,3,0,0,5,2,3,9,1
Eibar,3,1,1,1,2,2,0,4,2
Las Palmas,3,0,3,0,6,2,4,3,3
Burgos,3,0,3,0,2,0,2,3,4
Granada,3,0,3,0,2,4,-2,3,5
Alaves,3,0,2,1,2,3,-1,2,6
Huesca,3,0,1,2,3,2,1,1,7
Santander,3,0,1,2,2,1,1,1,8
Oviedo,3,0,1,2,3,3,0,1,9
Sporting Gijon,3,0,1,2,4,6,-2,1,10
Andorra,3,0,1,2,4,6,-2,1,11
Leganes,3,0,1,2,2,4,-2,1,12
Albacete,3,0,1,2,2,4,-2,1,13
Mirandes,3,0,1,2,0,2,-2,1,14
Tenerife,3,0,1,2,3,6,-3,1,15
Cartagena,3,0,1,2,1,4,-3,1,16
Zaragoza,3,0,1,2,2,7,-5,1,17
Villarreal B,3,0,0,3,3,1,2,0,18
Ponferradina,3,0,0,3,1,3,-2,0,19
Ibiza,3,0,0,3,3,6,-3,0,20
Lugo,3,0,0,3,2,6,-4,0,21
Malaga,3,0,0,3,1,5,-4,0,22
Levante,4,3,1,0,5,5,0,10,1
Eibar,4,2,1,1,4,2,2,7,2
Las Palmas,4,0,4,0,7,3,4,4,3
Burgos,4,0,4,0,3,0,3,4,4
Granada,4,0,4,0,2,6,-4,4,5
Alaves,4,0,3,1,3,4,-1,3,6
Huesca,4,0,2,2,3,2,1,2,7
Albacete,4,0,2,2,4,4,0,2,8
Oviedo,4,0,2,2,3,3,0,2,9
Andorra,4,0,2,2,5,6,-1,2,10
Leganes,4,0,2,2,2,4,-2,2,11
Mirandes,4,0,2,2,0,3,-3,2,12
Zaragoza,4,0,2,2,2,9,-7,2,13
Tenerife,4,0,1,3,6,7,-1,1,14
Cartagena,4,0,1,3,2,4,-2,1,15
Sporting Gijon,4,0,1,3,5,8,-3,1,16
Santander,4,0,1,3,2,5,-3,1,17
Villarreal B,4,0,0,4,4,1,3,0,18
Ponferradina,4,0,0,4,3,4,-1,0,19
Malaga,4,0,0,4,2,7,-5,0,20
Lugo,4,0,0,4,2,8,-6,0,21
Ibiza,4,0,0,4,3,11,-8,0,22
Levante,5,4,1,0,6,6,0,13,1
Eibar,5,2,2,1,4,3,1,8,2
Las Palmas,5,0,5,0,8,3,5,5,3
Burgos,5,0,5,0,3,1,2,5,4
Granada,5,0,5,0,3,7,-4,5,5
Alaves,5,0,3,2,3,4,-1,3,6
Leganes,5,0,3,2,2,4,-2,3,7
Mirandes,5,0,3,2,0,5,-5,3,8
Huesca,5,0,2,3,3,2,1,2,9
Oviedo,5,0,2,3,3,3,0,2,10
Andorra,5,0,2,3,5,7,-2,2,11
Albacete,5,0,2,3,4,7,-3,2,12
Zaragoza,5,0,2,3,2,10,-8,2,13
Tenerife,5,0,1,4,6,7,-1,1,14
Sporting Gijon,5,0,1,4,6,8,-2,1,15
Santander,5,0,1,4,2,6,-4,1,16
Cartagena,5,0,1,4,2,6,-4,1,17
Villarreal B,5,0,0,5,4,3,1,0,18
Ponferradina,5,0,0,5,3,4,-1,0,19
Malaga,5,0,0,5,3,9,-6,0,20
Lugo,5,0,0,5,2,9,-7,0,21
Ibiza,5,0,0,5,3,13,-10,0,22
Levante,6,5,1,0,9,8,1,16,1
Eibar,6,3,2,1,4,3,1,11,2
Las Palmas,6,1,5,0,8,4,4,8,3
Leganes,6,1,3,2,5,7,-2,6,4
Burgos,6,0,6,0,3,1,2,6,5
Granada,6,0,6,0,4,8,-4,6,6
Alaves,6,0,4,2,4,4,0,4,7
Mirandes,6,0,4,2,2,7,-5,4,8
Huesca,6,0,3,3,4,3,1,3,9
Oviedo,6,0,3,3,3,3,0,3,10
Albacete,6,0,3,3,4,7,-3,3,11
Andorra,6,0,3,3,5,9,-4,3,12
Zaragoza,6,0,3,3,4,10,-6,3,13
Tenerife,6,0,2,4,7,8,-1,2,14
Sporting Gijon,6,0,2,4,7,9,-2,2,15
Cartagena,6,0,2,4,3,8,-5,2,16
Santander,6,0,2,4,2,7,-5,2,17
Villarreal B,6,0,1,5,5,5,0,1,18
Ponferradina,6,0,1,5,3,7,-4,1,19
Malaga,6,0,1,5,3,10,-7,1,20
Lugo,6,0,0,6,2,10,-8,0,21
Ibiza,6,0,0,6,3,14,-11,0,22
Levante,7,5,2,0,9,9,0,17,1
Eibar,7,4,2,1,7,3,4,14,2
Las Palmas,7,2,5,0,11,4,7,11,3
Burgos,7,1,6,0,3,1,2,9,4
Granada,7,1,6,0,6,9,-3,9,5
Alaves,7,1,4,2,8,6,2,7,6
Leganes,7,1,4,2,6,8,-2,7,7
Albacete,7,1,3,3,5,7,-2,6,8
Andorra,7,1,3,3,5,10,-5,6,9
Mirandes,7,0,5,2,2,8,-6,5,10
Huesca,7,0,4,3,4,5,-1,4,11
Oviedo,7,0,4,3,3,5,-2,4,12
Zaragoza,7,0,4,3,5,10,-5,4,13
Sporting Gijon,7,0,3,4,8,9,-1,3,14
Tenerife,7,0,3,4,7,9,-2,3,15
Cartagena,7,0,3,4,4,9,-5,3,16
Santander,7,0,3,4,2,9,-7,3,17
Villarreal B,7,0,2,5,10,5,5,2,18
Ponferradina,7,0,2,5,4,8,-4,2,19
Malaga,7,0,2,5,3,10,-7,2,20
Lugo,7,0,1,6,2,11,-9,1,21
Ibiza,7,0,0,7,3,18,-15,0,22
Levante,8,6,2,0,10,10,0,20,1
Eibar,8,4,3,1,7,4,3,15,2
Las Palmas,8,3,5,0,12,5,7,14,3
Leganes,8,2,4,2,10,8,2,10,4
Burgos,8,1,7,0,6,2,4,10,5
Granada,8,1,7,0,7,10,-3,10,6
Alaves,8,1,5,2,8,7,1,8,7
Mirandes,8,1,5,2,2,9,-7,8,8
Albacete,8,1,3,4,5,7,-2,6,9
Andorra,8,1,3,4,5,10,-5,6,10
Huesca,8,0,5,3,4,5,-1,5,11
Zaragoza,8,0,5,3,5,12,-7,5,12
Oviedo,8,0,4,4,3,8,-5,4,13
Santander,8,0,4,4,4,12,-8,4,14
Tenerife,8,0,3,5,7,9,-2,3,15
Sporting Gijon,8,0,3,5,8,11,-3,3,16
Cartagena,8,0,3,5,4,9,-5,3,17
Villarreal B,8,0,2,6,11,6,5,2,18
Ponferradina,8,0,2,6,4,9,-5,2,19
Malaga,8,0,2,6,3,10,-7,2,20
Lugo,8,0,1,7,2,13,-11,1,21
Ibiza,8,0,0,8,5,18,-13,0,22
Levante,9,7,2,0,12,10,2,23,1
Eibar,9,5,3,1,9,4,5,18,2
Las Palmas,9,4,5,0,13,5,8,17,3
Leganes,9,3,4,2,15,8,7,13,4
Burgos,9,1,8,0,6,3,3,11,5
Granada,9,1,8,0,9,10,-1,11,6
Alaves,9,1,6,2,10,8,2,9,7
Mirandes,9,1,6,2,2,9,-7,9,8
Albacete,9,1,4,4,5,9,-4,7,9
Andorra,9,1,4,4,5,11,-6,7,10
Huesca,9,0,6,3,4,5,-1,6,11
Zaragoza,9,0,6,3,6,14,-8,6,12
Oviedo,9,0,5,4,4,8,-4,5,13
Santander,9,0,5,4,4,12,-8,5,14
Sporting Gijon,9,0,4,5,9,11,-2,4,15
Tenerife,9,0,4,5,8,10,-2,4,16
Cartagena,9,0,4,5,4,9,-5,4,17
Villarreal B,9,0,3,6,11,8,3,3,18
Ponferradina,9,0,3,6,5,9,-4,3,19
Malaga,9,0,3,6,3,12,-9,3,20
Ibiza,9,0,1,8,5,18,-13,1,21
Lugo,9,0,1,8,2,15,-13,1,22
Levante,10,8,2,0,13,10,3,26,1
Eibar,10,6,3,1,11,5,6,21,2
Las Palmas,10,5,5,0,15,5,10,20,3
Leganes,10,3,5,2,15,9,6,14,4
Burgos,10,2,8,0,6,4,2,14,5
Granada,10,2,8,0,9,11,-2,14,6
Alaves,10,2,6,2,11,11,0,12,7
Mirandes,10,1,7,2,2,11,-9,10,8
Andorra,10,1,5,4,8,11,-3,8,9
Albacete,10,1,5,4,5,11,-6,8,10
Huesca,10,0,7,3,4,6,-2,7,11
Zaragoza,10,0,7,3,7,16,-9,7,12
Oviedo,10,0,6,4,5,8,-3,6,13
Santander,10,0,6,4,4,14,-10,6,14
Tenerife,10,0,5,5,9,10,-1,5,15
Sporting Gijon,10,0,5,5,10,12,-2,5,16
Cartagena,10,0,5,5,4,10,-6,5,17
Villarreal B,10,0,4,6,11,8,3,4,18
Ponferradina,10,0,4,6,5,11,-6,4,19
Malaga,10,0,4,6,4,13,-9,4,20
Ibiza,10,0,2,8,5,18,-13,2,21
Lugo,10,0,1,9,4,17,-13,1,22
Levante,11,9,2,0,13,12,1,29,1
Eibar,11,7,3,1,11,6,5,24,2
Las Palmas,11,5,6,0,16,5,11,21,3
Leganes,11,3,6,2,15,9,6,15,4
Burgos,11,2,9,0,7,4,3,15,5
Granada,11,2,9,0,11,11,0,15,6
Alaves,11,2,7,2,12,12,0,13,7
Mirandes,11,2,7,2,4,12,-8,13,8
Andorra,11,1,6,4,10,11,-1,9,9
Albacete,11,1,6,4,7,12,-5,9,10
Santander,11,1,6,4,5,14,-9,9,11
Huesca,11,0,8,3,5,6,-1,8,12
Zaragoza,11,0,8,3,8,18,-10,8,13
Oviedo,11,0,7,4,8,9,-1,7,14
Sporting Gijon,11,0,6,5,11,12,-1,6,15
Tenerife,11,0,6,5,9,11,-2,6,16
Cartagena,11,0,6,5,5,10,-5,6,17
Villarreal B,11,0,4,7,11,11,0,4,18
Ponferradina,11,0,4,7,6,14,-8,4,19
Malaga,11,0,4,7,4,13,-9,4,20
Lugo,11,0,2,9,5,18,-13,2,21
Ibiza,11,0,2,9,5,19,-14,2,22
Levante,12,10,2,0,14,12,2,32,1
Eibar,12,8,3,1,12,6,6,27,2
Las Palmas,12,6,6,0,16,5,11,24,3
Leganes,12,4,6,2,17,9,8,18,4
Burgos,12,2,10,0,7,5,2,16,5
Granada,12,2,10,0,13,12,1,16,6
Alaves,12,2,8,2,13,14,-1,14,7
Mirandes,12,2,8,2,7,12,-5,14,8
Albacete,12,1,7,4,10,14,-4,10,9
Andorra,12,1,7,4,10,14,-4,10,10
Santander,12,1,7,4,5,14,-9,10,11
Huesca,12,0,9,3,6,7,-1,9,12
Zaragoza,12,0,9,3,11,18,-7,9,13
Oviedo,12,0,8,4,8,9,-1,8,14
Sporting Gijon,12,0,7,5,12,12,0,7,15
Tenerife,12,0,7,5,10,12,-2,7,16
Cartagena,12,0,7,5,6,10,-4,7,17
Villarreal B,12,0,5,7,11,12,-1,5,18
Ponferradina,12,0,4,8,6,14,-8,4,19
Malaga,12,0,4,8,5,13,-8,4,20
Lugo,12,0,3,9,6,18,-12,3,21
Ibiza,12,0,3,9,6,20,-14,3,22
Levante,13,11,2,0,17,12,5,35,1
Eibar,13,8,4,1,14,6,8,28,2
Las Palmas,13,7,6,0,17,5,12,27,3
Leganes,13,5,6,2,17,10,7,21,4
Burgos,13,3,10,0,10,6,4,19,5
Mirandes,13,3,8,2,7,13,-6,17,6
Granada,13,2,11,0,15,12,3,17,7
Alaves,13,2,9,2,13,14,-1,15,8
Santander,13,1,8,4,5,14,-9,11,9
Albacete,13,1,7,5,12,15,-3,10,10
Cartagena,13,1,7,5,8,11,-3,10,11
Andorra,13,1,7,5,11,15,-4,10,12
Oviedo,13,0,9,4,8,9,-1,9,13
Huesca,13,0,9,4,6,8,-2,9,14
Zaragoza,13,0,9,4,11,19,-8,9,15
Sporting Gijon,13,0,7,6,12,13,-1,7,16
Tenerife,13,0,7,6,12,14,-2,7,17
Villarreal B,13,0,6,7,13,14,-1,6,18
Malaga,13,0,4,9,6,13,-7,4,19
Ponferradina,13,0,4,9,6,16,-10,4,20
Lugo,13,0,4,9,6,18,-12,4,21
Ibiza,13,0,3,10,6,20,-14,3,22
Levante,14,12,2,0,19,13,6,38,1
Eibar,14,9,4,1,14,7,7,31,2
Las Palmas,14,8,6,0,19,5,14,30,3
Leganes,14,6,6,2,17,11,6,24,4
Burgos,14,4,10,0,11,7,4,22,5
Mirandes,14,3,9,2,7,15,-8,18,6
Granada,14,2,12,0,16,12,4,18,7
Alaves,14,2,10,2,15,18,-3,16,8
Santander,14,2,8,4,6,14,-8,14,9
Cartagena,14,1,8,5,9,11,-2,11,10
Albacete,14,1,8,5,12,15,-3,11,11
Andorra,14,1,8,5,11,16,-5,11,12
Oviedo,14,0,10,4,8,9,-1,10,13
Huesca,14,0,10,4,6,10,-4,10,14
Zaragoza,14,0,10,4,12,20,-8,10,15
Villarreal B,14,1,6,7,15,14,1,9,16
Sporting Gijon,14,0,8,6,13,13,0,8,17
Tenerife,14,0,8,6,13,15,-2,8,18
Lugo,14,0,4,10,10,19,-9,4,19
Malaga,14,0,4,10,6,15,-9,4,20
Ponferradina,14,0,4,10,7,18,-11,4,21
Ibiza,14,0,4,10,8,20,-12,4,22
Levante,15,13,2,0,22,13,9,41,1
Eibar,15,10,4,1,16,8,8,34,2
Las Palmas,15,9,6,0,21,5,16,33,3
Leganes,15,6,7,2,18,12,6,25,4
Burgos,15,5,10,0,14,7,7,25,5
Alaves,15,3,10,2,19,20,-1,19,6
Mirandes,15,3,10,2,10,18,-8,19,7
Granada,15,2,13,0,18,13,5,19,8
Santander,15,2,9,4,8,15,-7,15,9
Oviedo,15,1,10,4,8,9,-1,13,10
Cartagena,15,1,9,5,11,12,-1,12,11
Albacete,15,1,9,5,12,16,-4,12,12
Andorra,15,1,8,6,12,17,-5,11,13
Villarreal B,15,1,7,7,18,14,4,10,14
Huesca,15,0,10,5,6,11,-5,10,15
Zaragoza,15,0,10,5,12,21,-9,10,16
Sporting Gijon,15,0,9,6,16,13,3,9,17
Tenerife,15,0,8,7,14,16,-2,8,18
Lugo,15,0,5,10,10,19,-9,5,19
Ibiza,15,0,5,10,9,20,-11,5,20
Malaga,15,0,4,11,6,16,-10,4,21
Ponferradina,15,0,4,11,9,20,-11,4,22
Levante,16,13,3,0,23,14,9,42,1
Eibar,16,11,4,1,17,10,7,37,2
Las Palmas,16,10,6,0,21,5,16,36,3
Leganes,16,7,7,2,20,13,7,28,4
Burgos,16,6,10,0,16,7,9,28,5
Alaves,16,4,10,2,20,20,0,22,6
Mirandes,16,3,11,2,10,18,-8,20,7
Granada,16,2,14,0,19,13,6,20,8
Santander,16,2,10,4,10,16,-6,16,9
Oviedo,16,1,11,4,8,9,-1,14,10
Cartagena,16,1,10,5,13,12,1,13,11
Albacete,16,1,10,5,12,16,-4,13,12
Sporting Gijon,16,1,9,6,18,14,4,12,13
Andorra,16,1,9,6,12,18,-6,12,14
Villarreal B,16,1,8,7,18,16,2,11,15
Huesca,16,0,11,5,6,12,-6,11,16
Zaragoza,16,0,11,5,13,21,-8,11,17
Tenerife,16,0,9,7,14,16,-2,9,18
Lugo,16,1,5,10,12,21,-9,8,19
Ibiza,16,0,6,10,10,21,-11,6,20
Ponferradina,16,0,4,12,11,21,-10,4,21
Malaga,16,0,4,12,6,19,-13,4,22
Levante,17,14,3,0,23,15,8,45,1
Las Palmas,17,11,6,0,21,6,15,39,2
Eibar,17,11,5,1,19,10,9,38,3
Burgos,17,7,10,0,16,7,9,31,4
Leganes,17,7,8,2,20,15,5,29,5
Alaves,17,4,11,2,22,20,2,23,6
Mirandes,17,3,12,2,13,18,-5,21,7
Granada,17,2,15,0,21,14,7,21,8
Oviedo,17,2,11,4,10,9,1,17,9
Santander,17,2,11,4,10,17,-7,17,10
Cartagena,17,2,10,5,14,12,2,16,11
Albacete,17,2,10,5,13,16,-3,16,12
Sporting Gijon,17,1,10,6,19,15,4,13,13
Villarreal B,17,1,9,7,19,18,1,12,14
Andorra,17,1,9,7,13,20,-7,12,15
Zaragoza,17,0,12,5,13,21,-8,12,16
Huesca,17,0,11,6,7,14,-7,11,17
Lugo,17,1,6,10,13,22,-9,9,18
Tenerife,17,0,9,8,14,18,-4,9,19
Ibiza,17,0,7,10,10,26,-16,7,20
Ponferradina,17,0,4,13,11,23,-12,4,21
Malaga,17,0,4,13,6,22,-16,4,22
Levante,18,15,3,0,25,15,10,48,1
Las Palmas,18,12,6,0,24,6,18,42,2
Eibar,18,12,5,1,20,10,10,41,3
Burgos,18,8,10,0,17,8,9,34,4
Leganes,18,7,9,2,22,15,7,30,5
Alaves,18,5,11,2,23,20,3,26,6
Granada,18,3,15,0,21,15,6,24,7
Mirandes,18,3,13,2,14,19,-5,22,8
Oviedo,18,2,12,4,10,9,1,18,9
Santander,18,2,12,4,11,18,-7,18,10
Cartagena,18,2,11,5,14,13,1,17,11
Albacete,18,2,11,5,15,16,-1,17,12
Villarreal B,18,2,9,7,24,20,4,15,13
Zaragoza,18,1,12,5,15,23,-8,15,14
Sporting Gijon,18,1,11,6,20,17,3,14,15
Andorra,18,1,10,7,13,22,-9,13,16
Huesca,18,0,12,6,8,14,-6,12,17
Lugo,18,1,7,10,13,23,-10,10,18
Tenerife,18,0,10,8,14,19,-5,10,19
Ibiza,18,0,7,11,12,30,-18,7,20
Ponferradina,18,0,4,14,11,25,-14,4,21
Malaga,18,0,4,14,6,22,-16,4,22
Levante,19,16,3,0,26,16,10,51,1
Las Palmas,19,13,6,0,25,6,19,45,2
Eibar,19,13,5,1,23,12,11,44,3
Burgos,19,8,11,0,18,8,10,35,4
Leganes,19,7,10,2,24,15,9,31,5
Alaves,19,6,11,2,25,22,3,29,6
Granada,19,4,15,0,24,15,9,27,7
Mirandes,19,3,14,2,15,21,-6,23,8
Oviedo,19,2,13,4,12,9,3,19,9
Santander,19,2,13,4,11,18,-7,19,10
Cartagena,19,2,12,5,14,13,1,18,11
Albacete,19,2,12,5,16,17,-1,18,12
Villarreal B,19,2,10,7,25,20,5,16,13
Zaragoza,19,1,13,5,15,23,-8,16,14
Sporting Gijon,19,1,12,6,20,18,2,15,15
Andorra,19,1,11,7,13,22,-9,14,16
Huesca,19,0,13,6,10,14,-4,13,17
Lugo,19,1,8,10,14,23,-9,11,18
Tenerife,19,0,11,8,15,20,-5,11,19
Ibiza,19,0,8,11,12,31,-19,8,20
Ponferradina,19,0,4,15,11,26,-15,4,21
Malaga,19,0,4,15,6,25,-19,4,22
Levante,20,17,3,0,26,17,9,54,1
Eibar,20,14,5,1,23,12,11,47,2
Las Palmas,20,13,7,0,26,7,19,46,3
Burgos,20,9,11,0,20,8,12,38,4
Leganes,20,7,11,2,24,15,9,32,5
Alaves,20,6,12,2,26,23,3,30,6
Granada,20,5,15,0,25,15,10,30,7
Mirandes,20,3,15,2,16,22,-6,24,8
Cartagena,20,3,12,5,15,13,2,21,9
Albacete,20,3,12,5,16,19,-3,21,10
Oviedo,20,2,14,4,13,11,2,20,11
Santander,20,2,14,4,11,20,-9,20,12
Sporting Gijon,20,2,12,6,21,19,2,18,13
Villarreal B,20,2,11,7,27,20,7,17,14
Zaragoza,20,1,14,5,16,23,-7,17,15
Andorra,20,1,12,7,14,25,-11,15,16
Huesca,20,0,14,6,11,14,-3,14,17
Lugo,20,1,9,10,14,23,-9,12,18
Tenerife,20,0,12,8,16,22,-6,12,19
Ibiza,20,0,8,12,12,32,-20,8,20
Ponferradina,20,0,5,15,12,29,-17,5,21
Malaga,20,0,4,16,6,26,-20,4,22
Levante,21,18,3,0,30,17,13,57,1
Eibar,21,15,5,1,26,12,14,50,2
Las Palmas,21,14,7,0,26,7,19,49,3
Burgos,21,10,11,0,20,8,12,41,4
Leganes,21,8,11,2,25,18,7,35,5
Alaves,21,7,12,2,27,23,4,33,6
Granada,21,5,16,0,25,16,9,31,7
Mirandes,21,4,15,2,18,22,-4,27,8
Cartagena,21,4,12,5,18,13,5,24,9
Albacete,21,4,12,5,19,22,-3,24,10
Oviedo,21,2,15,4,13,12,1,21,11
Santander,21,2,15,4,12,21,-9,21,12
Villarreal B,21,3,11,7,27,22,5,20,13
Sporting Gijon,21,2,13,6,22,20,2,19,14
Zaragoza,21,1,15,5,19,23,-4,18,15
Andorra,21,1,13,7,17,27,-10,16,16
Tenerife,21,1,12,8,18,24,-6,15,17
Huesca,21,0,15,6,11,15,-4,15,18
Lugo,21,1,9,11,17,24,-7,12,19
Ibiza,21,0,9,12,12,33,-21,9,20
Ponferradina,21,0,6,15,13,29,-16,6,21
Malaga,21,0,4,17,7,26,-19,4,22
Levante,22,18,4,0,31,17,14,58,1
Eibar,22,16,5,1,27,14,13,53,2
Las Palmas,22,15,7,0,26,7,19,52,3
Burgos,22,10,12,0,22,8,14,42,4
Leganes,22,9,11,2,26,20,6,38,5
Alaves,22,8,12,2,28,23,5,36,6
Granada,22,6,16,0,27,16,11,34,7
Mirandes,22,5,15,2,20,22,-2,30,8
Cartagena,22,4,13,5,19,14,5,25,9
Albacete,22,4,13,5,21,22,-1,25,10
Oviedo,22,2,16,4,15,12,3,22,11
Santander,22,2,16,4,13,22,-9,22,12
Villarreal B,22,3,12,7,27,24,3,21,13
Zaragoza,22,2,15,5,20,25,-5,21,14
Sporting Gijon,22,2,14,6,24,21,3,20,15
Andorra,22,1,14,7,17,27,-10,17,16
Tenerife,22,1,13,8,19,24,-5,16,17
Huesca,22,0,16,6,11,17,-6,16,18
Lugo,22,1,10,11,18,25,-7,13,19
Ibiza,22,0,9,13,13,35,-22,9,20
Ponferradina,22,0,7,15,15,29,-14,7,21
Malaga,22,0,5,17,8,27,-19,5,22
Levante,23,18,5,0,31,17,14,59,1
Las Palmas,23,16,7,0,26,7,19,55,2
Eibar,23,16,6,1,28,14,14,54,3
Burgos,23,10,13,0,23,9,14,43,4
Leganes,23,10,11,2,28,21,7,41,5
Alaves,23,9,12,2,29,23,6,39,6
Granada,23,7,16,0,29,16,13,37,7
Mirandes,23,5,16,2,21,24,-3,31,8
Albacete,23,5,13,5,22,22,0,28,9
Cartagena,23,4,14,5,19,15,4,26,10
Sporting Gijon,23,3,14,6,25,21,4,23,11
Oviedo,23,2,17,4,17,13,4,23,12
Santander,23,2,17,4,14,23,-9,23,13
Villarreal B,23,3,13,7,29,25,4,22,14
Zaragoza,23,2,16,5,22,25,-3,22,15
Andorra,23,1,15,7,18,27,-9,18,16
Tenerife,23,1,14,8,19,25,-6,17,17
Huesca,23,0,17,6,11,17,-6,17,18
Lugo,23,1,11,11,20,25,-5,14,19
Ibiza,23,0,10,13,15,35,-20,10,20
Ponferradina,23,0,8,15,17,32,-15,8,21
Malaga,23,0,6,17,12,29,-17,6,22
Levante,24,18,6,0,31,17,14,60,1
Las Palmas,24,17,7,0,28,8,20,58,2
Eibar,24,16,7,1,28,14,14,55,3
Burgos,24,10,14,0,23,9,14,44,4
Alaves,24,10,12,2,33,23,10,42,5
Leganes,24,10,12,2,28,22,6,42,6
Granada,24,7,17,0,30,17,13,38,7
Albacete,24,6,13,5,24,22,2,31,8
Mirandes,24,5,16,3,24,27,-3,31,9
Cartagena,24,4,15,5,20,17,3,27,10
Sporting Gijon,24,3,15,6,28,22,6,24,11
Oviedo,24,2,18,4,17,15,2,24,12
Santander,24,2,18,4,17,23,-6,24,13
Villarreal B,24,3,14,7,29,26,3,23,14
Zaragoza,24,2,17,5,22,25,-3,23,15
Andorra,24,2,15,7,18,28,-10,21,16
Huesca,24,1,17,6,13,17,-4,20,17
Tenerife,24,1,15,8,19,25,-6,18,18
Lugo,24,1,12,11,22,26,-4,15,19
Ibiza,24,0,11,13,16,35,-19,11,20
Ponferradina,24,0,9,15,18,32,-14,9,21
Malaga,24,0,7,17,13,30,-17,7,22
Las Palmas,25,18,7,0,29,8,21,61,1
Levante,25,18,7,0,31,18,13,61,2
Eibar,25,16,7,2,29,14,15,55,3
Burgos,25,11,14,0,23,9,14,47,4
Alaves,25,11,12,2,34,23,11,45,5
Leganes,25,10,12,3,29,23,6,42,6
Granada,25,8,17,0,31,17,14,41,7
Albacete,25,7,13,5,25,23,2,34,8
Mirandes,25,5,16,4,24,30,-6,31,9
Cartagena,25,4,16,5,22,18,4,28,10
Sporting Gijon,25,4,15,6,32,22,10,27,11
Zaragoza,25,3,17,5,23,26,-3,26,12
Oviedo,25,2,19,4,17,15,2,25,13
Santander,25,2,19,4,18,23,-5,25,14
Villarreal B,25,3,15,7,31,29,2,24,15
Andorra,25,2,16,7,21,29,-8,22,16
Tenerife,25,2,15,8,20,27,-7,21,17
Huesca,25,1,18,6,13,18,-5,21,18
Lugo,25,1,12,12,23,26,-3,15,19
Ibiza,25,0,12,13,17,36,-19,12,20
Ponferradina,25,0,10,15,20,33,-13,10,21
Malaga,25,0,7,18,14,30,-16,7,22
Las Palmas,26,18,8,0,31,8,23,62,1
Levante,26,18,8,0,32,18,14,62,2
Eibar,26,16,8,2,31,14,17,56,3
Burgos,26,12,14,0,24,9,15,50,4
Alaves,26,12,12,2,35,25,10,48,5
Granada,26,9,17,0,31,17,14,44,6
Leganes,26,10,13,3,29,23,6,43,7
Albacete,26,8,13,5,26,23,3,37,8
Mirandes,26,5,17,4,27,32,-5,32,9
Cartagena,26,4,17,5,22,20,2,29,10
Sporting Gijon,26,4,16,6,33,23,10,28,11
Zaragoza,26,3,18,5,24,26,-2,27,12
Oviedo,26,2,20,4,18,16,2,26,13
Santander,26,2,20,4,20,23,-3,26,14
Villarreal B,26,3,16,7,31,32,-1,25,15
Andorra,26,2,17,7,21,30,-9,23,16
Tenerife,26,2,16,8,22,28,-6,22,17
Huesca,26,1,19,6,15,19,-4,22,18
Lugo,26,1,13,12,24,26,-2,16,19
Ponferradina,26,1,10,15,21,33,-12,13,20
Ibiza,26,0,13,13,17,36,-19,13,21
Malaga,26,0,8,18,14,30,-16,8,22
Las Palmas,27,19,8,0,32,8,24,65,1
Levante,27,19,8,0,36,18,18,65,2
Eibar,27,17,8,2,31,16,15,59,3
Burgos,27,13,14,0,24,9,15,53,4
Alaves,27,13,12,2,36,25,11,51,5
Granada,27,10,17,0,32,17,15,47,6
Leganes,27,10,14,3,29,23,6,44,7
Albacete,27,8,14,5,26,24,2,38,8
Mirandes,27,5,18,4,27,32,-5,33,9
Cartagena,27,4,18,5,22,21,1,30,10
Zaragoza,27,4,18,5,25,26,-1,30,11
Sporting Gijon,27,4,17,6,33,23,10,29,12
Oviedo,27,2,21,4,18,17,1,27,13
Santander,27,2,21,4,21,24,-3,27,14
Villarreal B,27,3,17,7,32,34,-2,26,15
Andorra,27,3,17,7,21,32,-11,26,16
Huesca,27,2,19,6,18,19,-1,25,17
Tenerife,27,2,17,8,24,28,-4,23,18
Lugo,27,1,14,12,24,27,-3,17,19
Ponferradina,27,1,11,15,21,34,-13,14,20
Ibiza,27,0,13,14,18,36,-18,13,21
Malaga,27,1,8,18,16,30,-14,11,22
Las Palmas,28,19,9,0,33,8,25,66,1
Levante,28,19,9,0,37,21,16,66,2
Eibar,28,17,9,2,32,16,16,60,3
Burgos,28,14,14,0,24,9,15,56,4
Alaves,28,13,13,2,36,27,9,52,5
Granada,28,11,17,0,32,18,14,50,6
Leganes,28,10,15,3,29,24,5,45,7
Albacete,28,9,14,5,28,24,4,41,8
Mirandes,28,5,18,5,28,32,-4,33,9
Cartagena,28,4,19,5,23,21,2,31,10
Zaragoza,28,4,19,5,26,26,0,31,11
Sporting Gijon,28,4,18,6,34,24,10,30,12
Andorra,28,4,17,7,22,32,-10,29,13
Oviedo,28,2,22,4,20,17,3,28,14
Villarreal B,28,3,18,7,33,35,-2,27,15
Santander,28,2,21,5,22,27,-5,27,16
Tenerife,28,3,17,8,24,28,-4,26,17
Huesca,28,2,20,6,21,21,0,26,18
Lugo,28,1,15,12,26,27,-1,18,19
Ponferradina,28,1,12,15,21,34,-13,15,20
Ibiza,28,0,13,15,19,37,-18,13,21
Malaga,28,1,9,18,16,32,-16,12,22
Las Palmas,29,19,10,0,33,8,25,67,1
Levante,29,19,10,0,37,22,15,67,2
Eibar,29,17,10,2,32,17,15,61,3
Burgos,29,14,15,0,24,9,15,57,4
Alaves,29,14,13,2,37,27,10,55,5
Granada,29,12,17,0,34,19,15,53,6
Leganes,29,10,16,3,29,24,5,46,7
Albacete,29,10,14,5,29,24,5,44,8
Cartagena,29,5,19,5,26,22,4,34,9
Mirandes,29,5,19,5,29,35,-6,34,10
Zaragoza,29,4,20,5,26,26,0,32,11
Sporting Gijon,29,4,19,6,34,25,9,31,12
Andorra,29,4,18,7,23,33,-10,30,13
Oviedo,29,2,23,4,21,17,4,29,14
Villarreal B,29,3,19,7,34,36,-2,28,15
Santander,29,2,22,5,22,27,-5,28,16
Tenerife,29,3,18,8,24,29,-5,27,17
Huesca,29,2,21,6,22,22,0,27,18
Lugo,29,1,16,12,27,28,-1,19,19
Ponferradina,29,2,12,15,21,35,-14,18,20
Malaga,29,1,10,18,17,32,-15,13,21
Ibiza,29,0,13,16,19,37,-18,13,22
Las Palmas,30,20,10,0,34,12,22,70,1
Levante,30,20,10,0,39,24,15,70,2
Eibar,30,17,11,2,33,18,15,62,3
Alaves,30,15,13,2,39,29,10,58,4
Burgos,30,14,16,0,25,10,15,58,5
Granada,30,13,17,0,34,20,14,56,6
Leganes,30,10,17,3,29,24,5,47,7
Albacete,30,10,15,5,30,26,4,45,8
Cartagena,30,6,19,5,26,22,4,37,9
Mirandes,30,5,20,5,29,36,-7,35,10
Zaragoza,30,4,21,5,27,26,1,33,11
Sporting Gijon,30,4,20,6,36,25,11,32,12
Villarreal B,30,4,19,7,34,36,-2,31,13
Andorra,30,4,19,7,23,33,-10,31,14
Tenerife,30,4,18,8,25,30,-5,30,15
Oviedo,30,2,24,4,22,17,5,30,16
Santander,30,2,23,5,22,27,-5,29,17
Huesca,30,2,22,6,22,24,-2,28,18
Lugo,30,1,17,12,27,31,-4,20,19
Ponferradina,30,2,13,15,21,36,-15,19,20
Malaga,30,1,11,18,18,33,-15,14,21
Ibiza,30,0,13,17,21,39,-18,13,22
Las Palmas,31,20,11,0,35,14,21,71,1
Levante,31,20,11,0,39,25,14,71,2
Eibar,31,17,12,2,33,19,14,63,3
Alaves,31,16,13,2,41,29,12,61,4
Burgos,31,14,17,0,26,10,16,59,5
Granada,31,14,17,0,36,22,14,59,6
Albacete,31,11,15,5,31,26,5,48,7
Leganes,31,10,18,3,29,25,4,48,8
Cartagena,31,6,20,5,26,24,2,38,9
Mirandes,31,5,20,6,30,38,-8,35,10
Villarreal B,31,5,19,7,34,37,-3,34,11
Andorra,31,5,19,7,29,34,-5,34,12
Zaragoza,31,4,22,5,27,27,0,34,13
Sporting Gijon,31,4,21,6,37,26,11,33,14
Tenerife,31,4,19,8,26,31,-5,31,15
Oviedo,31,2,25,4,22,17,5,31,16
Santander,31,2,24,5,22,29,-7,30,17
Huesca,31,2,23,6,24,24,0,29,18
Ponferradina,31,2,14,15,22,38,-16,20,19
Lugo,31,1,17,13,27,32,-5,20,20
Malaga,31,1,12,18,20,33,-13,15,21
Ibiza,31,0,13,18,21,40,-19,13,22
Las Palmas,32,20,12,0,37,14,23,72,1
Levante,32,20,12,0,40,25,15,72,2
Eibar,32,17,13,2,35,21,14,64,3
Alaves,32,17,13,2,41,30,11,64,4
Granada,32,15,17,0,38,22,16,62,5
Burgos,32,14,18,0,26,11,15,60,6
Albacete,32,12,15,5,32,27,5,51,7
Leganes,32,10,19,3,29,28,1,49,8
Cartagena,32,6,21,5,28,24,4,39,9
Andorra,32,6,19,7,31,35,-4,37,10
Sporting Gijon,32,5,21,6,39,27,12,36,11
Villarreal B,32,5,20,7,37,37,0,35,12
Mirandes,32,5,20,7,30,40,-10,35,13
Zaragoza,32,4,23,5,28,27,1,35,14
Tenerife,32,4,20,8,26,31,-5,32,15
Oviedo,32,2,26,4,22,19,3,32,16
Santander,32,2,25,5,24,30,-6,31,17
Huesca,32,2,24,6,25,24,1,30,18
Ponferradina,32,2,15,15,25,38,-13,21,19
Lugo,32,1,17,14,29,32,-3,20,20
Malaga,32,1,13,18,22,33,-11,16,21
Ibiza,32,0,13,19,23,45,-22,13,22
Las Palmas,33,20,13,0,37,16,21,73,1
Levante,33,20,13,0,40,25,15,73,2
Alaves,33,18,13,2,42,31,11,67,3
Eibar,33,17,14,2,39,23,16,65,4
Granada,33,16,17,0,40,23,17,65,5
Burgos,33,14,19,0,27,12,15,61,6
Albacete,33,13,15,5,34,29,5,54,7
Leganes,33,10,19,4,29,29,0,49,8
Andorra,33,7,19,7,31,35,-4,40,9
Sporting Gijon,33,6,21,6,41,27,14,39,10
Cartagena,33,6,21,6,28,25,3,39,11
Zaragoza,33,4,24,5,28,27,1,36,12
Villarreal B,33,5,20,8,37,41,-4,35,13
Mirandes,33,5,20,8,32,44,-12,35,14
Tenerife,33,4,21,8,28,32,-4,33,15
Oviedo,33,2,26,5,22,20,2,32,16
Huesca,33,2,25,6,26,24,2,31,17
Santander,33,2,25,6,24,31,-7,31,18
Ponferradina,33,2,16,15,25,38,-13,22,19
Lugo,33,1,17,15,29,33,-4,20,20
Malaga,33,1,14,18,22,35,-13,17,21
Ibiza,33,0,13,20,25,47,-22,13,22
Las Palmas,34,20,14,0,39,17,22,74,1
Levante,34,20,14,0,40,26,14,74,2
Alaves,34,18,14,2,43,32,11,68,3
Granada,34,17,17,0,42,23,19,68,4
Eibar,34,17,15,2,39,26,13,66,5
Burgos,34,14,20,0,28,13,15,62,6
Albacete,34,14,15,5,35,29,6,57,7
Leganes,34,10,20,4,30,30,0,50,8
Andorra,34,7,20,7,32,35,-3,41,9
Sporting Gijon,34,6,22,6,42,27,15,40,10
Cartagena,34,6,22,6,29,28,1,40,11
Zaragoza,34,5,24,5,29,29,0,39,12
Villarreal B,34,5,20,9,37,45,-8,35,13
Mirandes,34,5,20,9,33,46,-13,35,14
Tenerife,34,4,22,8,30,32,-2,34,15
Oviedo,34,2,27,5,23,22,1,33,16
Huesca,34,2,26,6,28,26,2,32,17
Santander,34,2,26,6,25,31,-6,32,18
Ponferradina,34,2,17,15,25,41,-16,23,19
Lugo,34,1,17,16,29,34,-5,20,20
Malaga,34,1,15,18,22,37,-15,18,21
Ibiza,34,0,13,21,26,48,-22,13,22
Las Palmas,35,20,15,0,40,18,22,75,1
Levante,35,20,15,0,41,26,15,75,2
Granada,35,18,17,0,44,23,21,71,3
Alaves,35,18,15,2,44,32,12,69,4
Eibar,35,17,16,2,39,26,13,67,5
Burgos,35,14,21,0,28,15,13,63,6
Albacete,35,15,15,5,36,30,6,60,7
Leganes,35,10,21,4,30,32,-2,51,8
Andorra,35,8,20,7,33,36,-3,44,9
Zaragoza,35,6,24,5,32,29,3,42,10
Sporting Gijon,35,6,22,7,42,29,13,40,11
Cartagena,35,6,22,7,30,29,1,40,12
Villarreal B,35,5,20,10,37,46,-9,35,13
Mirandes,35,5,20,10,33,47,-14,35,14
Tenerife,35,4,23,8,31,32,-1,35,15
Huesca,35,2,27,6,29,26,3,33,16
Oviedo,35,2,27,6,23,23,0,33,17
Santander,35,2,26,7,27,31,-4,32,18
Ponferradina,35,2,18,15,26,42,-16,24,19
Lugo,35,1,17,17,29,36,-7,20,20
Malaga,35,1,16,18,25,40,-15,19,21
Ibiza,35,0,13,22,29,51,-22,13,22
Las Palmas,36,20,16,0,40,19,21,76,1
Levante,36,20,16,0,41,27,14,76,2
Granada,36,19,17,0,47,23,24,74,3
Alaves,36,18,16,2,44,33,11,70,4
Eibar,36,17,17,2,39,26,13,68,5
Burgos,36,14,22,0,28,17,11,64,6
Albacete,36,15,16,5,36,31,5,61,7
Leganes,36,10,22,4,30,32,-2,52,8
Andorra,36,8,21,7,36,36,0,45,9
Zaragoza,36,6,25,5,33,29,4,43,10
Sporting Gijon,36,6,23,7,42,29,13,41,11
Cartagena,36,6,23,7,30,30,0,41,12
Tenerife,36,4,24,8,32,32,0,36,13
Huesca,36,3,27,6,31,26,5,36,14
Villarreal B,36,5,20,11,37,47,-10,35,15
Mirandes,36,5,20,11,35,49,-14,35,16
Oviedo,36,2,28,6,23,23,0,34,17
Santander,36,2,27,7,27,34,-7,33,18
Ponferradina,36,2,19,15,26,43,-17,25,19
Lugo,36,1,17,18,30,37,-7,20,20
Malaga,36,1,17,18,26,42,-16,20,21
Ibiza,36,0,13,23,31,52,-21,13,22
Granada,37,20,17,0,49,24,25,77,1
Las Palmas,37,20,17,0,41,19,22,77,2
Levante,37,20,17,0,42,29,13,77,3
Alaves,37,18,16,3,45,35,10,70,4
Eibar,37,17,17,3,40,26,14,68,5
Burgos,37,14,23,0,29,18,11,65,6
Albacete,37,15,16,6,38,33,5,61,7
Leganes,37,10,22,5,30,33,-3,52,8
Andorra,37,8,22,7,36,37,-1,46,9
Zaragoza,37,6,25,6,33,31,2,43,10
Sporting Gijon,37,6,23,8,43,29,14,41,11
Cartagena,37,6,23,8,30,31,-1,41,12
Tenerife,37,5,24,8,33,32,1,39,13
Huesca,37,4,27,6,31,26,5,39,14
Villarreal B,37,5,20,12,38,47,-9,35,15
Mirandes,37,5,20,12,35,52,-17,35,16
Oviedo,37,2,28,7,23,24,-1,34,17
Santander,37,2,27,8,27,36,-9,33,18
Ponferradina,37,2,20,15,26,44,-18,26,19
Lugo,37,1,17,19,30,37,-7,20,20
Malaga,37,1,17,19,27,43,-16,20,21
Ibiza,37,0,13,24,31,54,-23,13,22
Granada,38,20,18,0,51,26,25,78,1
Las Palmas,38,20,18,0,43,19,24,78,2
Levante,38,20,18,0,42,30,12,78,3
Alaves,38,18,17,3,47,35,12,71,4
Eibar,38,17,18,3,40,28,12,69,5
Burgos,38,14,24,0,30,18,12,66,6
Albacete,38,15,17,6,38,34,4,62,7
Leganes,38,10,23,5,31,33,-2,53,8
Andorra,38,8,23,7,36,38,-2,47,9
Zaragoza,38,6,26,6,33,32,1,44,10
Sporting Gijon,38,6,24,8,43,31,12,42,11
Tenerife,38,6,24,8,36,32,4,42,12
Cartagena,38,6,24,8,32,34,-2,42,13
Huesca,38,4,28,6,33,26,7,40,14
Villarreal B,38,5,21,12,39,48,-9,36,15
Mirandes,38,5,21,12,35,53,-18,36,16
Oviedo,38,2,29,7,24,26,-2,35,17
Santander,38,2,28,8,27,36,-9,34,18
Ponferradina,38,2,21,15,29,45,-16,27,19
Malaga,38,1,18,19,27,44,-17,21,20
Lugo,38,1,17,20,30,40,-10,20,21
Ibiza,38,0,13,25,31,56,-25,13,22
Las Palmas,39,20,19,0,44,19,25,79,1
Granada,39,20,19,0,51,27,24,79,2
Levante,39,20,19,0,43,31,12,79,3
Alaves,39,18,18,3,48,36,12,72,4
Eibar,39,17,19,3,42,29,13,70,5
Burgos,39,14,25,0,31,20,11,67,6
Albacete,39,15,18,6,39,36,3,63,7
Leganes,39,10,24,5,31,34,-3,54,8
Andorra,39,8,24,7,39,38,1,48,9
Zaragoza,39,6,27,6,33,34,-1,45,10
Sporting Gijon,39,6,25,8,43,31,12,43,11
Tenerife,39,6,25,8,36,32,4,43,12
Cartagena,39,6,25,8,33,34,-1,43,13
Huesca,39,4,29,6,33,27,6,41,14
Villarreal B,39,5,21,13,40,49,-9,36,15
Mirandes,39,5,21,13,37,55,-18,36,16
Oviedo,39,2,30,7,24,28,-4,36,17
Santander,39,2,29,8,27,36,-9,35,18
Ponferradina,39,3,21,15,30,45,-15,30,19
Malaga,39,1,19,19,28,45,-17,22,20
Lugo,39,1,17,21,30,40,-10,20,21
Ibiza,39,0,13,26,33,57,-24,13,22
Granada,40,20,20,0,52,27,25,80,1
Las Palmas,40,20,20,0,44,20,24,80,2
Levante,40,20,20,0,46,32,14,80,3
Alaves,40,18,19,3,48,39,9,73,4
Eibar,40,17,20,3,42,30,12,71,5
Burgos,40,14,26,0,32,20,12,68,6
Albacete,40,15,19,6,42,36,6,64,7
Leganes,40,10,25,5,34,36,-2,55,8
Andorra,40,9,24,7,39,39,0,51,9
Zaragoza,40,6,28,6,34,35,-1,46,10
Sporting Gijon,40,6,26,8,43,31,12,44,11
Tenerife,40,6,26,8,37,35,2,44,12
Cartagena,40,6,26,8,34,34,0,44,13
Huesca,40,4,30,6,34,27,7,42,14
Villarreal B,40,5,22,13,42,50,-8,37,15
Mirandes,40,5,22,13,37,57,-20,37,16
Oviedo,40,2,31,7,24,28,-4,37,17
Santander,40,2,30,8,28,38,-10,36,18
Ponferradina,40,3,22,15,33,46,-13,31,19
Malaga,40,1,20,19,28,47,-19,23,20
Lugo,40,1,17,22,31,40,-9,20,21
Ibiza,40,0,13,27,33,58,-25,13,22
Granada,41,21,20,0,53,28,25,83,1
Las Palmas,41,21,20,0,44,21,23,83,2
Levante,41,21,20,0,46,33,13,83,3
Alaves,41,18,20,3,50,39,11,74,4
Eibar,41,17,21,3,43,31,12,72,5
Burgos,41,14,27,0,34,20,14,69,6
Albacete,41,15,20,6,45,39,6,65,7
Leganes,41,10,26,5,35,37,-2,56,8
Andorra,41,10,24,7,39,39,0,54,9
Zaragoza,41,6,29,6,36,36,0,47,10
Sporting Gijon,41,6,27,8,45,31,14,45,11
Tenerife,41,6,27,8,38,36,2,45,12
Cartagena,41,6,27,8,34,36,-2,45,13
Huesca,41,4,31,6,35,27,8,43,14
Villarreal B,41,5,23,13,42,52,-10,38,15
Mirandes,41,5,23,13,39,61,-22,38,16
Oviedo,41,2,32,7,24,29,-5,38,17
Santander,41,2,31,8,28,38,-10,37,18
Ponferradina,41,3,23,15,35,46,-11,32,19
Malaga,41,1,21,19,30,50,-20,24,20
Lugo,41,1,18,22,32,41,-9,21,21
Ibiza,41,0,13,28,33,60,-27,13,22
Granada,42,21,21,0,54,28,26,84,1
Las Palmas,42,21,21,0,45,21,24,84,2
Levante,42,21,21,0,46,33,13,84,3
Alaves,42,18,21,3,50,40,10,75,4
Eibar,42,17,22,3,43,32,11,73,5
Burgos,42,14,28,0,35,21,14,70,6
Albacete,42,15,21,6,45,42,3,66,7
Andorra,42,11,24,7,40,41,-1,57,8
Leganes,42,10,27,5,36,40,-4,57,9
Zaragoza,42,6,30,6,37,36,1,48,10
Sporting Gijon,42,6,27,9,46,32,14,45,11
Tenerife,42,6,27,9,39,36,3,45,12
Cartagena,42,6,27,9,35,38,-3,45,13
Huesca,42,4,32,6,35,30,5,44,14
Oviedo,42,2,33,7,24,29,-5,39,15
Villarreal B,42,5,23,14,42,52,-10,38,16
Mirandes,42,5,23,14,40,61,-21,38,17
Santander,42,2,31,9,30,38,-8,37,18
Ponferradina,42,3,23,16,35,46,-11,32,19
Malaga,42,1,21,20,32,51,-19,24,20
Lugo,42,1,18,23,33,47,-14,21,21
Ibiza,42,0,13,29,33,61,-28,13,22
